image_id,fwh_ratio,mouth_angle_deg,brow_raise_norm,inner_brow_raise_norm,brow_furrow_norm,kind_proj,empath_proj
face (263).png,8.049717429699882,0.9345167418141332,0.820396497418421,0.0,0.0,0.0,0.0
face (799).png,5.637820819169878,-0.18234814332615268,0.7120015683294108,0.0,0.0,0.0,0.0
face (633).png,12.120782821036684,0.17831351882480068,1.313613842767729,0.0,0.0,0.0,0.0
face (326).png,6.602757080953878,-1.4930481319827231,0.9356480038116417,0.0,0.0,0.0,0.0
face (776).png,6.140590669515002,-0.2423355770171371,0.8012435581048875,0.0,0.0,0.0,0.0
face (51).png,6.966918414528044,-0.487909108893075,0.7467111315383287,0.0,0.0,0.0,0.0
face (664).png,6.369585235557512,-1.7735728580949714,0.8939920689684823,0.0,0.0,0.0,0.0
face (234).png,5.903608791909457,-1.0284785014359594,0.8203593308203285,0.0,0.0,0.0,0.0
face (721).png,6.4235597601212175,1.5821616332015405,0.8324406255974884,0.0,0.0,0.0,0.0
face (371).png,5.267288794500196,0.15283354091980714,0.7702898624284482,0.0,0.0,0.0,0.0
face (408).png,5.448225153080197,0.03804555866373434,0.9577065402524133,0.0,0.0,0.0,0.0
face (222).png,6.421290960234246,0.5084026802536524,0.7771074402463858,0.0,0.0,0.0,0.0
face (672).png,4.892074666668897,1.8718007918894837,0.5914853161959948,0.0,0.0,0.0,0.0
face (388).png,4.364627129554334,0.7856897469057369,0.7869764223083524,0.0,0.0,0.0,0.0
face (367).png,6.875297780204007,-0.9816338643291358,0.734636082406339,0.0,0.0,0.0,0.0
face (737).png,6.052032970092601,-1.7398863680303396,0.6285851974681023,0.0,0.0,0.0,0.0
face (10).png,6.9511161379739095,-1.9535887447930005,0.997254715021054,0.0,0.0,0.0,0.0
face (625).png,5.818701139652464,0.4879138344682761,0.7608267013928808,0.0,0.0,0.0,0.0
face (275).png,6.530981516357025,-0.49733209313412835,0.8952574169446743,0.0,0.0,0.0,0.0
face (760).png,6.309500734747891,1.4560950771597243,0.72431760130214,0.0,0.0,0.0,0.0
face (330).png,5.498456257789883,-2.6792710513633287,0.6629750505342933,0.0,0.0,0.0,0.0
face (449).png,5.273054574451676,0.270874950985716,0.5943094986825204,0.0,0.0,0.0,0.0
face (47).png,5.525139493994378,1.2810909232230239,0.7072872740367764,0.0,0.0,0.0,0.0
face (127).png,6.754377247368085,-0.315680904031466,0.6778240864548885,0.0,0.0,0.0,0.0
face (577).png,5.055073928360281,-0.13341161443379843,0.7156077725101044,0.0,0.0,0.0,0.0
face (598).png,6.271703048946181,-0.354340520055985,0.7419517243175574,0.0,0.0,0.0,0.0
face (432).png,4.829850424061424,-2.1866224845730837,0.6115274425345382,0.0,0.0,0.0,0.0
face (259).png,7.152087751120695,-0.1767966905786563,0.9219468234275272,0.0,0.0,0.0,0.0
face (609).png,5.426106393389798,-0.9356517076554997,0.6427166952190941,0.0,0.0,0.0,0.0
face (520).png,5.2580751674947805,0.9244360130439842,0.6651238531198832,0.0,0.0,0.0,0.0
face (170).png,6.244766292879617,0.14691496948770078,0.7630275783531548,0.0,0.0,0.0,0.0
face (84).png,7.758369976547146,0.5143126821336825,0.9049254867764188,0.0,0.0,0.0,0.0
face (465).png,7.0468652602313595,-0.24892705075042865,0.8950428478608644,0.0,0.0,0.0,0.0
face (166).png,6.655022279516259,1.8988927398554882,0.8161203655442207,0.0,0.0,0.0,0.0
face (536).png,5.63028684344178,0.4135627855428462,0.7357848307039894,0.0,0.0,0.0,0.0
face (6).png,5.305137294724716,-0.9219835634390786,0.5570903760014702,0.0,0.0,0.0,0.0
face (473).png,7.767999884214205,1.8222163988352906,1.117391046443713,0.0,0.0,0.0,0.0
face (189).png,7.397302738718204,0.7191542649299096,0.884427006657243,0.0,0.0,0.0,0.0
face (92).png,4.632895738162291,0.8437207934801358,0.6082721257142799,0.0,0.0,0.0,0.0
face (218).png,4.593036366351902,0.6555239317306255,0.46340991182661545,0.0,0.0,0.0,0.0
face (648).png,4.2900247866120695,-1.459162754034926,0.7283284807221587,0.0,0.0,0.0,0.0
face (561).png,6.605041768397759,-0.4289564000577411,0.8111574005413006,0.0,0.0,0.0,0.0
face (131).png,4.861522859586427,-0.8525823798661828,0.6019610879676893,0.0,0.0,0.0,0.0
face (424).png,6.799996812148391,0.2521386791647096,0.9676837056292631,0.0,0.0,0.0,0.0
face (453).png,5.644510805040167,-0.20220039400259704,0.8433147176588046,0.0,0.0,0.0,0.0
face (146).png,6.703268392009701,0.10279251192267996,0.7743065766403101,0.0,0.0,0.0,0.0
face (516).png,6.747910751298828,-0.7966129981174654,0.8851614586006942,0.0,0.0,0.0,0.0
face (795).png,5.455824768233995,1.3861943137316117,0.6599166831664847,0.0,0.0,0.0,0.0
face (280).png,6.238174367556794,-0.6062944155578442,0.9316307660453127,0.0,0.0,0.0,0.0
face (404).png,5.621723559242825,-1.4305090747365248,0.7056086294961071,0.0,0.0,0.0,0.0
face (541).png,7.99649491933553,0.4571824512739614,0.8310205028469203,0.0,0.0,0.0,0.0
face (111).png,5.333627784053361,0.24136209545984477,0.7716927542051398,0.0,0.0,0.0,0.0
face (238).png,5.593099552206991,-2.8412631965341695,0.8251664353050231,0.0,0.0,0.0,0.0
face (668).png,4.700904278494756,-0.92364775456162,0.5472547011229141,0.0,0.0,0.0,0.0
face (392).png,6.234999230736834,-0.28802901791641167,0.8533477612950217,0.0,0.0,0.0,0.0
face (687).png,6.688696515176234,-1.0386913074052462,0.8117908777185946,0.0,0.0,0.0,0.0
face (412).png,5.725058334311904,-2.573779306251559,0.7195038438365701,0.0,0.0,0.0,0.0
face (107).png,5.6297927003418735,-0.15821173327704174,0.5176977997517109,0.0,0.0,0.0,0.0
face (557).png,4.488802865871598,0.17760466915431852,0.48425174133570986,0.0,0.0,0.0,0.0
face (384).png,4.236764650789134,0.2159858234496285,0.5708338327899305,0.0,0.0,0.0,0.0
face (691).png,6.056293695679029,0.013228413440804974,0.8202130439375774,0.0,0.0,0.0,0.0
face (445).png,8.957035671110349,0.9585172997952061,0.9341366284213618,0.0,0.0,0.0,0.0
face (500).png,7.737955066915734,0.8431395009704378,0.7853924010758554,0.0,0.0,0.0,0.0
face (150).png,5.38922700564658,-0.06479586484049381,0.4964949090404803,0.0,0.0,0.0,0.0
face (279).png,4.562146237364688,-0.2589609025677135,0.8038064490379405,0.0,0.0,0.0,0.0
face (783).png,5.252996464430521,1.1028988236990116,0.6670097167005944,0.0,0.0,0.0,0.0
face (629).png,6.819377176313271,-1.8798665534051835,0.9675987715247986,0.0,0.0,0.0,0.0
face (296).png,4.649371349752938,-1.614416798020871,0.6784436906282659,0.0,0.0,0.0,0.0
face (30).png,5.796511292383639,0.4191680502138176,0.7229212962960183,0.0,0.0,0.0,0.0
face (594).png,7.02996452225557,-0.8517667705278437,0.8391435000820462,0.0,0.0,0.0,0.0
face (347).png,6.373030362175787,-0.9174985297707102,0.8443228854161888,0.0,0.0,0.0,0.0
face (717).png,6.015067741282064,-0.1268423524483772,0.6237506342764193,0.0,0.0,0.0,0.0
comp_100_dup.png,6.005921556097662,-5.997362863389191,0.8016403127029523,0.0,0.0,0.0,0.0
face (202).png,6.360661919092202,0.8627648034384362,0.8166232556207876,0.0,0.0,0.0,0.0
face (652).png,4.770105780887642,0.5422507832457478,0.6135804512745838,0.0,0.0,0.0,0.0
face (486).png,6.888624894860604,-0.28855145775413593,0.909420327366794,0.0,0.0,0.0,0.0
face (67).png,4.923963586651068,0.23711562106273887,0.602588090769921,0.0,0.0,0.0,0.0
face (469).png,6.045578184019259,0.869994540405177,0.7455196105445347,0.0,0.0,0.0,0.0
face (193).png,5.373011931977952,-1.5581990312675047,0.6299594361206191,0.0,0.0,0.0,0.0
face (88).png,4.827597423373766,-0.9658153752425596,0.8195241931905243,0.0,0.0,0.0,0.0
face (740).png,6.107857875261159,-1.492863708501118,0.9438418435165978,0.0,0.0,0.0,0.0
face (310).png,6.103976979541007,-0.9703659107730148,0.7154454290958971,0.0,0.0,0.0,0.0
face (605).png,4.6281377108228545,-1.178516534343884,0.6666764581307089,0.0,0.0,0.0,0.0
face (255).png,6.438159193104524,2.2437465780595884,0.7943249992963723,0.0,0.0,0.0,0.0
face (71).png,4.878815092799055,1.0910129037612126,0.6683128404895319,0.0,0.0,0.0,0.0
face (490).png,5.716816775811524,-1.5791433488103057,0.8525128536878539,0.0,0.0,0.0,0.0
face (185).png,6.8155928488593895,0.044785224715145566,0.6581362375154134,0.0,0.0,0.0,0.0
face (306).png,5.826254966425647,0.13098106858422043,0.6576651651628174,0.0,0.0,0.0,0.0
face (756).png,4.695321071993099,-0.14152270640548312,0.6727338042299409,0.0,0.0,0.0,0.0
face (243).png,5.066703663089923,-1.0164568309380217,0.6301668852384263,0.0,0.0,0.0,0.0
face (613).png,6.970751428174129,-0.41664696641624516,0.8733974153868792,0.0,0.0,0.0,0.0
face (26).png,5.730635616222804,1.1244816308506946,0.5586063797597827,0.0,0.0,0.0,0.0
face (582).png,4.894558740800416,-1.5642597650666659,0.668445978478614,0.0,0.0,0.0,0.0
face (428).png,6.199010295656987,0.1566243244700379,0.8155952498026005,0.0,0.0,0.0,0.0
face (701).png,6.367697398110155,-0.7246600610684923,0.7719539345876348,0.0,0.0,0.0,0.0
face (351).png,7.7883098807348965,0.37558969510151896,1.1290284438252558,0.0,0.0,0.0,0.0
face (644).png,5.670007201895261,-0.5912501317030334,0.73491748977358,0.0,0.0,0.0,0.0
face (214).png,6.18231932574616,0.14164753365330066,0.7725866074454509,0.0,0.0,0.0,0.0
face (700).png,4.280777284247507,0.6331596224419102,0.8003409976624415,0.0,0.0,0.0,0.0
face (350).png,5.838346709246863,1.5494269101336635,0.9499234026260546,0.0,0.0,0.0,0.0
face (645).png,6.240272588046736,-0.17917077585146318,0.7516038806709131,0.0,0.0,0.0,0.0
face (215).png,4.661453361505782,0.28175078762608485,0.6593271501291676,0.0,0.0,0.0,0.0
face (27).png,5.767229689432792,0.775165198952096,0.8667296852585283,0.0,0.0,0.0,0.0
face (583).png,4.895063859316801,1.010246553794676,0.663461476262801,0.0,0.0,0.0,0.0
face (429).png,6.225773469453538,-2.685779097243424,0.9829762266751368,0.0,0.0,0.0,0.0
face (307).png,6.232064458461654,-1.0400500974427558,0.9148982427765591,0.0,0.0,0.0,0.0
face (757).png,6.072176324293652,-0.98728673971423,0.692757498512931,0.0,0.0,0.0,0.0
face (242).png,6.038179236341955,-0.5869650036409257,0.811087673902094,0.0,0.0,0.0,0.0
face (612).png,5.1663269360101465,0.016308605993157466,0.4905441872049153,0.0,0.0,0.0,0.0
face (70).png,7.0058386013686125,1.0275028422615373,0.8893180582814907,0.0,0.0,0.0,0.0
face (491).png,4.302406876769478,0.37595906430189463,0.6127158370583751,0.0,0.0,0.0,0.0
face (184).png,5.046853354989436,0.11216619748640606,0.5043518854719907,0.0,0.0,0.0,0.0
face (741).png,5.168351837771138,-0.2647084436439694,0.7332123695423214,0.0,0.0,0.0,0.0
face (311).png,6.321608438903185,0.2711147265422899,0.9186172069508348,0.0,0.0,0.0,0.0
face (604).png,6.118328148760294,0.16346694426840502,0.789994518047126,0.0,0.0,0.0,0.0
face (254).png,5.0792403173116405,-0.24285582303569353,0.6898623690896019,0.0,0.0,0.0,0.0
face (487).png,4.86006245852687,-2.4529164096170404,0.6910553389885922,0.0,0.0,0.0,0.0
face (66).png,5.89391199274926,0.22539836808455085,0.7774250942586389,0.0,0.0,0.0,0.0
face (468).png,5.333627598123976,-0.037420884506516115,0.6084877598925712,0.0,0.0,0.0,0.0
face (89).png,5.743229178295012,-0.9814698616523135,0.8777330387020466,0.0,0.0,0.0,0.0
face (192).png,6.205628063428944,-0.8147159528230636,0.9678957844044501,0.0,0.0,0.0,0.0
face (346).png,6.022525962838538,-0.17455829713593382,0.7343908183822339,0.0,0.0,0.0,0.0
face (716).png,4.910779793569727,0.17156440957499725,0.6998074879970121,0.0,0.0,0.0,0.0
face (203).png,7.105431479259361,-1.3883962174473208,0.9258160142618221,0.0,0.0,0.0,0.0
face (653).png,6.583050174917077,-1.3986715643714653,0.8859255535957152,0.0,0.0,0.0,0.0
face (31).png,5.371537019234479,-1.913456988606487,0.6311864781680631,0.0,0.0,0.0,0.0
face (595).png,5.470606718798373,0.2946412784848627,0.6911241137832742,0.0,0.0,0.0,0.0
face (278).png,7.703106794213574,0.4655130357453239,0.7784096878899354,0.0,0.0,0.0,0.0
face (782).png,6.358149591705402,0.39594708381987287,0.745914330620127,0.0,0.0,0.0,0.0
face (628).png,8.853366542222599,-0.35916609573795005,0.872451684900809,0.0,0.0,0.0,0.0
face (297).png,6.056642565879494,0.8680382064333175,0.7530468812861156,0.0,0.0,0.0,0.0
face (444).png,6.899949851096648,0.10375379567249546,0.9532797806386074,0.0,0.0,0.0,0.0
face (501).png,4.126952132120479,-1.150622433858434,0.5499536008039325,0.0,0.0,0.0,0.0
face (151).png,4.283289370500405,-1.0392574233972778,0.534728728820516,0.0,0.0,0.0,0.0
face (385).png,4.3396728911212445,2.0966076532922067,0.5488637970848714,0.0,0.0,0.0,0.0
comp_50.png,5.643037767121688,-4.622567762298716,0.7528094112256267,0.0,0.0,0.0,0.0
face (690).png,5.284628402309789,-0.7828184960611458,0.6585796982551094,0.0,0.0,0.0,0.0
face (413).png,6.875878104060737,0.3646327490347222,0.7765973882421304,0.0,0.0,0.0,0.0
face (106).png,5.797432617577873,-0.8277264178655872,0.8143206086801288,0.0,0.0,0.0,0.0
face (556).png,7.337820149114373,-0.29727067888013164,0.8742673097050154,0.0,0.0,0.0,0.0
face (239).png,4.9857833176997,-2.319482940469262,0.713309320406526,0.0,0.0,0.0,0.0
face (669).png,7.873126249183486,-2.0711912409487283,1.0690226538804832,0.0,0.0,0.0,0.0
face (393).png,5.123676883511741,0.3519311508807422,0.5280398812863709,0.0,0.0,0.0,0.0
face (686).png,5.507116089933903,-1.3163503560506526,0.7874399437578907,0.0,0.0,0.0,0.0
face (405).png,6.27211620324739,0.12146007221665248,0.823696097134563,0.0,0.0,0.0,0.0
face (540).png,6.448164318779419,-0.39666734319352365,0.7924331918953333,0.0,0.0,0.0,0.0
face (110).png,6.4134517915265725,0.17910072247706063,0.9384557713844238,0.0,0.0,0.0,0.0
face (794).png,7.119863815000514,-0.3208120570264432,0.768024952984475,0.0,0.0,0.0,0.0
face (281).png,5.999506428081536,0.7618014471191125,0.829389998598988,0.0,0.0,0.0,0.0
face (452).png,5.340124969128776,-0.8201395275219517,0.7454623512734918,0.0,0.0,0.0,0.0
face (147).png,5.838302304151624,0.6306341858372999,0.8390318876850744,0.0,0.0,0.0,0.0
face (517).png,6.368701285495889,-2.7844358398522906,0.7482974302479505,0.0,0.0,0.0,0.0
face (560).png,6.879458030643104,-1.2985853922434156,0.7506046771791034,0.0,0.0,0.0,0.0
face (130).png,6.670513164122329,-1.304065505878883,0.7152827979068426,0.0,0.0,0.0,0.0
face (425).png,4.929811622566825,0.05105680345428489,0.7356695130451381,0.0,0.0,0.0,0.0
face (219).png,5.254981823274393,-3.070766064078142,0.9362074673892015,0.0,0.0,0.0,0.0
face (649).png,5.966453451241372,0.5601335022050398,0.6723714705760166,0.0,0.0,0.0,0.0
face (167).png,3.919931851215311,-1.4760445466105567,0.5932322093445785,0.0,0.0,0.0,0.0
face (537).png,5.810088759998723,-0.5914217424488531,0.5068486908039103,0.0,0.0,0.0,0.0
face (7).png,4.472354233778648,0.28637374387250153,0.6247293427845164,0.0,0.0,0.0,0.0
face (472).png,6.429067563595183,-1.7454872027840194,0.844404706781117,0.0,0.0,0.0,0.0
face (93).png,6.824015149135801,0.6408927095930271,0.6846609937406537,0.0,0.0,0.0,0.0
face (188).png,6.948317860796915,-0.4493176405468603,0.7624509290319168,0.0,0.0,0.0,0.0
face (521).png,6.1156603270876815,-0.10270489492826458,0.7722608974150091,0.0,0.0,0.0,0.0
face (171).png,5.22674253649203,-0.23519140523774643,0.5611873351595554,0.0,0.0,0.0,0.0
face (85).png,5.914380412907804,2.0865542294461403,0.5826255040274034,0.0,0.0,0.0,0.0
face (464).png,7.166273130857161,-1.4813273119388766,0.7961675302866394,0.0,0.0,0.0,0.0
face (258).png,7.194296100294865,0.5905925358040834,0.7292549356314403,0.0,0.0,0.0,0.0
face (608).png,6.749829325352882,0.9307611564425761,0.8891259621607708,0.0,0.0,0.0,0.0
face (126).png,5.668440083581837,-0.1591877997063379,0.6674880489787217,0.0,0.0,0.0,0.0
face (576).png,6.712270311055638,-2.1265211804381763,0.9496465883047776,0.0,0.0,0.0,0.0
face (599).png,5.792369951090831,0.048243546715535594,0.8559298840887052,0.0,0.0,0.0,0.0
face (433).png,5.700326586293783,0.8745163398711452,0.7895063456064721,0.0,0.0,0.0,0.0
face (448).png,5.531449243160906,-1.3125561208573753,0.8485422817151628,0.0,0.0,0.0,0.0
face (46).png,6.763135991972577,-0.11928580176275613,0.9911450404122295,0.0,0.0,0.0,0.0
face (624).png,5.276895162502562,-0.24558512503935157,0.583477137418851,0.0,0.0,0.0,0.0
face (274).png,5.384298332040585,0.06038905408767161,0.6985179807066817,0.0,0.0,0.0,0.0
face (761).png,5.092321313010943,1.0355516850943978,0.6677834593018593,0.0,0.0,0.0,0.0
face (331).png,4.462384194658575,1.6763852913902106,0.79713114079799,0.0,0.0,0.0,0.0
face (11).png,6.5038460653728745,0.33517243702772137,0.7771375729478799,0.0,0.0,0.0,0.0
face (223).png,6.220295485985042,-0.5683946690832957,1.0437783306636985,0.0,0.0,0.0,0.0
face (673).png,6.186081822389463,0.057295562101364717,0.8686334405910326,0.0,0.0,0.0,0.0
face (389).png,6.281913466255982,-0.4045394599869612,0.7753135611301814,0.0,0.0,0.0,0.0
face (366).png,5.769099306501806,0.09353402078539456,0.811213245053161,0.0,0.0,0.0,0.0
face (736).png,7.389067169216901,1.4440987090724642,1.039236517784845,0.0,0.0,0.0,0.0
face (409).png,6.197087484048426,-0.21612349996382296,0.7249743732146295,0.0,0.0,0.0,0.0
face (665).png,5.59901422758771,-1.2583688831381832,0.769059058135262,0.0,0.0,0.0,0.0
face (235).png,6.436155743345721,-0.5306636690371709,0.7093847354367231,0.0,0.0,0.0,0.0
face (720).png,6.178724830166873,-1.1569536183545597,1.037565710072257,0.0,0.0,0.0,0.0
face (370).png,6.5836722918317045,1.2503657265338253,0.8833219384585709,0.0,0.0,0.0,0.0
face (50).png,5.223413407981962,-0.5171148422474545,0.7064651359427373,0.0,0.0,0.0,0.0
face (262).png,6.7659374335420335,-0.4971762367601504,0.8653144931964912,0.0,0.0,0.0,0.0
face (798).png,5.178582560947165,0.5261943896491977,0.7600408092288425,0.0,0.0,0.0,0.0
face (632).png,3.496195587295906,-3.9860991058690995,0.6109469540151188,0.0,0.0,0.0,0.0
face (327).png,6.156313239378824,-0.9660315104334418,0.8637355543894253,0.0,0.0,0.0,0.0
face (777).png,5.708798077438654,-0.6761275592001711,0.5969681555537314,0.0,0.0,0.0,0.0
face (455).png,6.492709068075948,-0.227464395395165,0.7682465796918835,0.0,0.0,0.0,0.0
face (140).png,7.276688126155699,-1.4227571139506177,0.8609097145667636,0.0,0.0,0.0,0.0
face (510).png,7.303699739115848,-2.253256171645864,1.1759816679617752,0.0,0.0,0.0,0.0
face (639).png,6.736989193150201,2.648547157991417,1.0546743409340122,0.0,0.0,0.0,0.0
face (269).png,6.307814290732749,0.36346838699417466,0.7107638563329202,0.0,0.0,0.0,0.0
face (793).png,5.677594323948226,1.3284836449834874,0.5925472231484874,0.0,0.0,0.0,0.0
face (286).png,6.222616840972371,-0.8742425128750612,0.8729284594414186,0.0,0.0,0.0,0.0
face (402).png,5.9136504304344095,0.29663729096829783,0.6157113679626506,0.0,0.0,0.0,0.0
face (547).png,5.326436907089942,0.5721609377100648,0.7707304957058032,0.0,0.0,0.0,0.0
face (117).png,7.145984020974479,-0.5071441404435079,0.9446867034535608,0.0,0.0,0.0,0.0
face (394).png,5.7963847157700155,1.1235190567615532,0.7673998676672278,0.0,0.0,0.0,0.0
face (681).png,6.6890670525188805,0.4853317980960193,0.7052388518155294,0.0,0.0,0.0,0.0
face (414).png,5.115361522725632,-3.105012951624295,0.6976767842412184,0.0,0.0,0.0,0.0
face (101).png,6.805580552794102,0.537864310319915,0.8184598880784871,0.0,0.0,0.0,0.0
face (551).png,6.262255456156798,-0.2844783861718768,0.7360186876142512,0.0,0.0,0.0,0.0
face (678).png,5.6866288262588505,0.45488118065852756,0.6224784458109509,0.0,0.0,0.0,0.0
face (382).png,5.607193596838568,1.5098085156197374,0.809564489127997,0.0,0.0,0.0,0.0
face (228).png,4.930122896250816,2.197893910489405,0.6007312652988174,0.0,0.0,0.0,0.0
face (697).png,7.923164466620006,0.5336468885632177,1.0270481844070138,0.0,0.0,0.0,0.0
face (443).png,5.774832778530459,0.5889743310674338,0.6744408000674199,0.0,0.0,0.0,0.0
face (506).png,5.58217013096927,-0.4582434278764866,0.8077407561625007,0.0,0.0,0.0,0.0
face (156).png,7.562750416979514,-1.8087986656117507,0.9544821875973963,0.0,0.0,0.0,0.0
face (785).png,5.981219330836876,-1.1299065092242586,0.7024909082347919,0.0,0.0,0.0,0.0
face (290).png,5.638616273926228,1.4263491849911951,0.65972441376075,0.0,0.0,0.0,0.0
face (36).png,4.510756087225687,1.1770741106129723,0.664175261775976,0.0,0.0,0.0,0.0
face (438).png,5.2002722839402375,0.16362053643690905,0.5216142014642513,0.0,0.0,0.0,0.0
face (592).png,4.6584155328554,-0.583138131458668,0.6942091310055053,0.0,0.0,0.0,0.0
face (341).png,6.129658852346505,1.3126706117472182,0.9578821865570953,0.0,0.0,0.0,0.0
face (711).png,6.433862197871484,-1.7332074520892629,0.9831996177577249,0.0,0.0,0.0,0.0
face (204).png,5.6126659152622915,1.0974813225606896,0.8219000612268383,0.0,0.0,0.0,0.0
face (654).png,5.692185932909938,-1.2877017699189761,0.7570418464926421,0.0,0.0,0.0,0.0
face (61).png,7.429427240800125,-0.35265525214626575,0.8969206218388087,0.0,0.0,0.0,0.0
face (480).png,5.522622297114135,-1.1388688683470471,0.7224113563899829,0.0,0.0,0.0,0.0
face (195).png,5.209057458385785,-0.9191154108210069,0.7049561286591027,0.0,0.0,0.0,0.0
face (746).png,4.758214771560029,2.1004070552412544,0.7154422989786625,0.0,0.0,0.0,0.0
face (316).png,4.649241314788064,0.25631984248930084,0.6610998159419909,0.0,0.0,0.0,0.0
face (603).png,4.657677065804276,-0.06409888357670405,0.5202475482032608,0.0,0.0,0.0,0.0
face (253).png,7.992701409525757,-0.13750983473271447,1.0414814776616073,0.0,0.0,0.0,0.0
face (496).png,6.453030421120696,0.23998127130203298,0.7975461383439593,0.0,0.0,0.0,0.0
face (77).png,4.65503054944461,0.09055080889198064,0.48884749867056165,0.0,0.0,0.0,0.0
face (479).png,6.374138121263768,-0.6275575593644889,0.7190293974678507,0.0,0.0,0.0,0.0
face (98).png,6.212710183712936,0.23220473701035094,0.6006483171229953,0.0,0.0,0.0,0.0
face (183).png,5.894549821069945,0.22277317098175167,0.8433009795399847,0.0,0.0,0.0,0.0
face (300).png,5.2921579143556094,-0.16837447823247534,0.859185342121299,0.0,0.0,0.0,0.0
face (750).png,5.871223219779086,0.9200751125883619,0.5718139253410468,0.0,0.0,0.0,0.0
face (245).png,4.695700781831258,0.12377981549767607,0.5729254142250182,0.0,0.0,0.0,0.0
face (615).png,4.438891259512484,0.001769688649184207,0.594642002673716,0.0,0.0,0.0,0.0
face (20).png,6.475867996994554,-0.027589046244402234,0.8183109165366176,0.0,0.0,0.0,0.0
face (584).png,4.7233431341251855,-2.9492932596543424,0.6811883887605936,0.0,0.0,0.0,0.0
face (707).png,5.978042927786775,-0.26854851164880783,0.8268759672620593,0.0,0.0,0.0,0.0
face (357).png,7.102914604381536,-1.9909983445038395,1.0275649994628266,0.0,0.0,0.0,0.0
face (642).png,6.126313044437682,-0.8179610949115805,0.8506593345652101,0.0,0.0,0.0,0.0
face (212).png,6.046466474212854,-0.6457608765577256,0.8919749473195712,0.0,0.0,0.0,0.0
face (265).png,5.437246268954538,0.9448045079575088,0.7747356369582854,0.0,0.0,0.0,0.0
face (635).png,7.062567726921091,-0.03843093011106471,0.9455831399458202,0.0,0.0,0.0,0.0
face (320).png,5.543619549975296,0.8247378549746891,0.6505961954285896,0.0,0.0,0.0,0.0
face (770).png,9.332115968367525,-3.019678330825574,0.7751419771389005,0.0,0.0,0.0,0.0
face (459).png,5.399185583581776,0.3020088982937194,0.7135746274565063,0.0,0.0,0.0,0.0
face (57).png,6.754874988144232,-0.0071339459893469915,0.9639970626334976,0.0,0.0,0.0,0.0
face (662).png,4.827683062562773,1.9941541457736798,0.7243364963733908,0.0,0.0,0.0,0.0
face (398).png,6.210838282803038,1.1181961108920742,0.789157789502976,0.0,0.0,0.0,0.0
face (232).png,6.790923376726601,-0.25779491139834737,0.6946570862166226,0.0,0.0,0.0,0.0
face (727).png,5.698996830084668,0.02532753343681856,0.69553938972811,0.0,0.0,0.0,0.0
face (377).png,4.985743147685067,0.25538780030297364,0.6488879604397874,0.0,0.0,0.0,0.0
face (224).png,6.907230936836672,1.0709985688785733,0.6821030227612357,0.0,0.0,0.0,0.0
face (674).png,6.363726238966027,0.3436147631262666,0.6219928028279287,0.0,0.0,0.0,0.0
face (361).png,5.6914341249550935,0.6986244599701036,0.6744603840735957,0.0,0.0,0.0,0.0
face (731).png,7.153314114834343,-3.8516124990959746,0.7798222749067253,0.0,0.0,0.0,0.0
face (418).png,6.336799833771041,1.5357539882483822,0.8179398346625636,0.0,0.0,0.0,0.0
face (16).png,5.067033462227525,-0.15135296414008742,0.621933245784758,0.0,0.0,0.0,0.0
face (623).png,6.5301784422121525,-0.7229432476796492,0.6278912292949171,0.0,0.0,0.0,0.0
face (273).png,4.379930598718331,-0.21762405161439147,0.7059144504983464,0.0,0.0,0.0,0.0
face (789).png,9.255615539787575,-0.7859652620758852,1.0578245282120597,0.0,0.0,0.0,0.0
face (766).png,7.193857200334021,-0.013549923079025868,0.9137292234142663,0.0,0.0,0.0,0.0
face (336).png,4.310096273006047,0.639248653189958,0.4139906690279651,0.0,0.0,0.0,0.0
face (41).png,7.152042555214101,-0.7569698209142033,0.7411500633387204,0.0,0.0,0.0,0.0
face (658).png,4.8369523357014295,0.6345359421807036,0.6897562534907705,0.0,0.0,0.0,0.0
face (208).png,6.08377344384037,-1.6288724511607202,0.5857374235904158,0.0,0.0,0.0,0.0
face (121).png,4.915100468869235,1.4349444535675069,0.7473604957951647,0.0,0.0,0.0,0.0
face (571).png,6.689802774664828,0.7743912955101304,0.8621735371510137,0.0,0.0,0.0,0.0
face (434).png,7.463616552002879,-0.11391608203933895,0.7741357898891471,0.0,0.0,0.0,0.0
face (526).png,6.451281686081797,-0.7084414569759281,0.8424879106551619,0.0,0.0,0.0,0.0
face (176).png,5.778715179508909,0.06442010400010892,0.666323367085013,0.0,0.0,0.0,0.0
face (463).png,5.7081237085236,0.993192078317628,0.8473339570002698,0.0,0.0,0.0,0.0
face (82).png,7.050070031715072,-1.6772515585305918,0.7868118917898425,0.0,0.0,0.0,0.0
face (199).png,4.765673694829328,3.593103124927625,0.7764618154648444,0.0,0.0,0.0,0.0
face (619).png,4.535706306612879,-1.7389785310906574,0.8251888512455936,0.0,0.0,0.0,0.0
face (249).png,5.708848071379167,0.9785608626888916,0.631407366479755,0.0,0.0,0.0,0.0
face (160).png,4.68539854113473,-2.4235948355250003,0.7175975771056735,0.0,0.0,0.0,0.0
face (530).png,7.028719175156157,-0.30429605937593096,0.8688167439212798,0.0,0.0,0.0,0.0
face (94).png,6.070587092278136,-1.2068321168822178,0.8179804412641652,0.0,0.0,0.0,0.0
face (475).png,7.713103652982548,-1.4295721388535851,0.7016709866875263,0.0,0.0,0.0,0.0
face (567).png,5.293111469386,-1.7041185026581673,0.5293654521879365,0.0,0.0,0.0,0.0
face (137).png,4.946824059941468,-0.05064746708671912,0.7008928297573597,0.0,0.0,0.0,0.0
face (422).png,5.752009590198613,-0.4699604082985371,0.7395629972398521,0.0,0.0,0.0,0.0
face (588).png,4.036731472664485,3.3578549317091477,0.4814911533526963,0.0,0.0,0.0,0.0
face (566).png,5.710912163687487,1.6782683761069825,0.586552175590883,0.0,0.0,0.0,0.0
face (136).png,7.5083170397125185,0.8036698551456278,0.9704593324784005,0.0,0.0,0.0,0.0
face (423).png,4.448408604741708,-0.3677418775801003,0.5799502807859116,0.0,0.0,0.0,0.0
face (589).png,6.1968636382177165,0.6248439937790096,0.7091812209806431,0.0,0.0,0.0,0.0
comp_0.png,5.6198748983575335,-4.052257811518941,0.7357058491209856,0.0,0.0,0.0,0.0
face (1).png,7.187157442143526,1.310794328431279,0.6210622984922161,0.0,0.0,0.0,0.0
face (161).png,7.227748230787982,0.09014957586524101,0.8469000737938299,0.0,0.0,0.0,0.0
face (531).png,5.894653047821175,0.30937231824170275,0.6672169259986901,0.0,0.0,0.0,0.0
face (95).png,5.405199567855767,-0.37098189813875426,0.624387195577559,0.0,0.0,0.0,0.0
face (474).png,5.853356141414233,1.4965259441821732,0.7535582840719852,0.0,0.0,0.0,0.0
face (618).png,5.841909021605955,-0.17009526970072295,0.6867531731040469,0.0,0.0,0.0,0.0
face (248).png,5.666899301645122,0.6370708906874202,0.7600814496792112,0.0,0.0,0.0,0.0
face (527).png,6.130542030244165,4.040272683851247,0.8843900249988565,0.0,0.0,0.0,0.0
face (177).png,7.701090496456312,-0.6536502142069683,1.011488038714026,0.0,0.0,0.0,0.0
face (462).png,4.41429548519623,2.662178743654114,0.8228961855525991,0.0,0.0,0.0,0.0
face (198).png,5.739633612150552,-0.23352499573559357,0.7763698982276477,0.0,0.0,0.0,0.0
face (83).png,6.005189387227117,0.1055555076106145,0.7421523907346621,0.0,0.0,0.0,0.0
face (120).png,6.717555152914105,0.2866539090829072,0.8788323172148566,0.0,0.0,0.0,0.0
face (570).png,5.74483116451111,-0.07434284869984802,0.6748646314744056,0.0,0.0,0.0,0.0
face (435).png,5.637634649953284,0.6077213583042852,0.7546485202166323,0.0,0.0,0.0,0.0
face (659).png,4.989120803892732,3.1070229233821878,0.6182485528666144,0.0,0.0,0.0,0.0
face (209).png,6.109638636067025,-0.06830971258455966,0.7880967839252867,0.0,0.0,0.0,0.0
face (40).png,4.7200391940029,-1.9831607587497004,0.775020180305783,0.0,0.0,0.0,0.0
face (622).png,5.359515919182077,0.7105006894066601,0.7550552521230939,0.0,0.0,0.0,0.0
face (272).png,5.957668513153854,-0.032653975061505,0.7048930477630487,0.0,0.0,0.0,0.0
face (788).png,5.093956344796899,-0.85833455906499,0.604436185698558,0.0,0.0,0.0,0.0
face (767).png,5.379984387564004,-2.147286716064048,0.7423661932075281,0.0,0.0,0.0,0.0
face (337).png,6.875593133177989,-2.349762995954912,0.9213384117274829,0.0,0.0,0.0,0.0
face (419).png,6.252406964857668,0.7393599775526335,0.6598286731230978,0.0,0.0,0.0,0.0
face (17).png,5.824806861300964,-3.983674282858617,0.8109476788292319,0.0,0.0,0.0,0.0
face (225).png,4.588684068257588,-0.05528420326250389,0.5557677943309627,0.0,0.0,0.0,0.0
face (675).png,7.169563193139536,0.2757829405989647,0.8024625170070101,0.0,0.0,0.0,0.0
face (360).png,6.901120241445464,-0.3587198542995308,0.954929548363466,0.0,0.0,0.0,0.0
face (730).png,5.959609183356701,-1.678841850033791,0.7470202015037736,0.0,0.0,0.0,0.0
face (663).png,5.313350876020491,0.19670170137877757,0.6763268691651944,0.0,0.0,0.0,0.0
face (399).png,6.132149419494348,-0.02627039850074926,0.7535391422930718,0.0,0.0,0.0,0.0
face (233).png,6.097731675692986,-2.759757664466572,0.8870489283267795,0.0,0.0,0.0,0.0
face (726).png,6.97022385957924,2.3220181509601794,0.6350709266701247,0.0,0.0,0.0,0.0
face (376).png,7.029077022592262,0.5852467756939758,0.8227396774344028,0.0,0.0,0.0,0.0
face (458).png,5.58833735448966,0.8258362614560357,0.681014581179561,0.0,0.0,0.0,0.0
face (56).png,5.228379907227131,0.79538947153183,0.6770204155784844,0.0,0.0,0.0,0.0
face (264).png,5.357016046213196,0.30449260277547247,0.5779239530067481,0.0,0.0,0.0,0.0
face (634).png,6.459353216216687,0.07905178705826642,0.8750329468591291,0.0,0.0,0.0,0.0
face (321).png,3.731897556981632,-2.3120234264625656,0.5470211426203264,0.0,0.0,0.0,0.0
face (771).png,4.467175507095879,0.8954383906484621,0.5361007527389859,0.0,0.0,0.0,0.0
face (706).png,4.229066701954887,-0.17065328876188923,0.46900077747441077,0.0,0.0,0.0,0.0
face (356).png,6.76644419670708,-1.2256309315363063,0.9448016202307877,0.0,0.0,0.0,0.0
face (643).png,5.3447577882988915,-1.1455875807481157,0.6102175810167118,0.0,0.0,0.0,0.0
face (213).png,3.85812575488962,-1.1695256721904796,0.573815707438436,0.0,0.0,0.0,0.0
face (21).png,5.897388562093937,0.8577479039829896,0.6758833833465474,0.0,0.0,0.0,0.0
face (585).png,6.244402725123735,1.5362375603220944,0.643477127875156,0.0,0.0,0.0,0.0
face (301).png,5.791137743487031,-2.89129698901276,0.6294715955312028,0.0,0.0,0.0,0.0
face (751).png,4.290202170995438,1.2768140054068298,0.6772810429801254,0.0,0.0,0.0,0.0
face (244).png,6.093569955912913,0.14573385966547872,0.6605627007061863,0.0,0.0,0.0,0.0
face (614).png,6.797329468773896,0.4892373885437686,0.9247798858911351,0.0,0.0,0.0,0.0
comp_25_dup.png,5.619798090573185,-4.046671013313301,0.7283855973176754,0.0,0.0,0.0,0.0
face (497).png,5.426140703051178,0.3681613459023416,0.5811244429300034,0.0,0.0,0.0,0.0
face (76).png,6.321993666263527,0.09289670651391586,0.7370968186600307,0.0,0.0,0.0,0.0
face (478).png,5.491558940923307,0.03035769562596031,0.6005201062547912,0.0,0.0,0.0,0.0
face (182).png,7.168192398998666,0.4647540897867078,0.9411736826885392,0.0,0.0,0.0,0.0
face (99).png,3.8814563992608093,-0.34717222330213143,0.7162701968537097,0.0,0.0,0.0,0.0
face (747).png,5.852514850143338,-0.3851692559629774,0.7917019184195004,0.0,0.0,0.0,0.0
face (317).png,5.573525340605285,0.675298353808758,0.551792209192164,0.0,0.0,0.0,0.0
face (602).png,3.953114816176867,3.8107751743891196,0.5189928121294823,0.0,0.0,0.0,0.0
face (252).png,7.491580190369934,2.4708368178518514,0.9718785187112735,0.0,0.0,0.0,0.0
face (60).png,4.8552064951813625,-1.6319261796995912,0.7188663455522702,0.0,0.0,0.0,0.0
face (481).png,6.074346688596483,-0.7386001715610706,0.7658850516195995,0.0,0.0,0.0,0.0
comp_25.png,5.619798090573185,-4.046671013313301,0.7283855973176754,0.0,0.0,0.0,0.0
face (194).png,9.895300417587023,0.8730085306994584,1.2286867065918512,0.0,0.0,0.0,0.0
face (340).png,5.1926155258025135,-0.5899021914417132,0.6489091037049054,0.0,0.0,0.0,0.0
face (710).png,6.142928126931215,-0.16216107406018848,0.8946967809448373,0.0,0.0,0.0,0.0
face (205).png,5.604128670380211,-0.3205748230534639,0.7120441975966914,0.0,0.0,0.0,0.0
face (655).png,4.748984445415169,2.8196197317624097,0.7750329011868938,0.0,0.0,0.0,0.0
face (37).png,6.156428112979867,0.1173479249715858,0.7970241528829675,0.0,0.0,0.0,0.0
face (439).png,6.37726372678088,-0.9853397412156136,0.5743938202812304,0.0,0.0,0.0,0.0
face (593).png,5.023214503358695,0.8879600969869497,0.5678116729102061,0.0,0.0,0.0,0.0
face (784).png,5.777933542867607,-0.008330976963896057,0.7900638238078711,0.0,0.0,0.0,0.0
face (291).png,4.778544403378212,-0.45546594337318047,0.7291541549733185,0.0,0.0,0.0,0.0
face (442).png,6.742026194589238,0.45573549465676877,0.6367026121167745,0.0,0.0,0.0,0.0
face (507).png,6.616694032776724,1.7921264269020811,0.8329035350275197,0.0,0.0,0.0,0.0
face (157).png,4.724727030884737,2.5976188689722193,0.6943867995303072,0.0,0.0,0.0,0.0
face (679).png,6.179603556455924,-3.278108016462039,0.8550637075333882,0.0,0.0,0.0,0.0
face (383).png,6.764407906215063,-0.4150867814408507,0.9446162433719176,0.0,0.0,0.0,0.0
face (229).png,6.284587142993262,-1.0969474020536836,0.8638544200027266,0.0,0.0,0.0,0.0
face (696).png,5.8040967640671735,0.15959076880714237,0.7503184159499328,0.0,0.0,0.0,0.0
face (415).png,5.681211401627216,-1.347157840843136,0.7150695095819656,0.0,0.0,0.0,0.0
face (100).png,4.559995250200276,0.06158843910241735,0.48951713964014604,0.0,0.0,0.0,0.0
face (550).png,6.728358818037472,-1.1135189390079876,0.8643487769716017,0.0,0.0,0.0,0.0
face (395).png,5.698636494797184,0.5475721126306633,0.6949716303363603,0.0,0.0,0.0,0.0
face (680).png,5.999991139326577,0.11571728531994956,0.802357858607287,0.0,0.0,0.0,0.0
face (403).png,5.634732259345827,-0.0582243367898328,0.5976114129081804,0.0,0.0,0.0,0.0
face (546).png,6.811652617961751,0.9386810146370456,0.8618243580651725,0.0,0.0,0.0,0.0
face (116).png,4.609397614741159,-0.8119625551623202,0.5395599886855156,0.0,0.0,0.0,0.0
face (638).png,4.990617731390165,0.3189014902553662,0.7268907612621003,0.0,0.0,0.0,0.0
face (268).png,4.9917523544720135,-1.6127306685494909,0.6027663423420885,0.0,0.0,0.0,0.0
face (792).png,6.2784656378210055,-1.2208740878437132,0.8475637371352182,0.0,0.0,0.0,0.0
face (287).png,4.747001797083125,0.6235381256392464,0.5975838828242868,0.0,0.0,0.0,0.0
comp_100.png,6.005921556097662,-5.997362863389191,0.8016403127029523,0.0,0.0,0.0,0.0
face (454).png,6.621772537077974,1.2486489466438857,0.8404157493705767,0.0,0.0,0.0,0.0
face (141).png,4.659036390315781,-0.29504250293228235,0.6045638398515466,0.0,0.0,0.0,0.0
face (511).png,4.777459761304512,-2.602094841916627,0.6108600030256313,0.0,0.0,0.0,0.0
face (640).png,6.181511462516423,0.050162507702850224,0.8797228440605708,0.0,0.0,0.0,0.0
face (210).png,6.047635185621918,0.21340881429846859,0.8144624634917739,0.0,0.0,0.0,0.0
face (705).png,5.0884977220453855,0.951879766872901,0.5259988196432602,0.0,0.0,0.0,0.0
face (355).png,5.052177118601138,0.425466983638028,0.594720744758077,0.0,0.0,0.0,0.0
face (586).png,7.233458360997898,-0.26845441389864855,0.9680629857836424,0.0,0.0,0.0,0.0
face (22).png,6.4545385133313005,-0.04398698851108593,0.8550588632010924,0.0,0.0,0.0,0.0
face (139).png,7.399302580500614,0.26005369372070386,1.0644341048999582,0.0,0.0,0.0,0.0
face (569).png,5.50631333958103,0.5305573797933079,0.5167866953646634,0.0,0.0,0.0,0.0
face (247).png,5.165611072674303,-0.5459221800316121,0.7975383205351901,0.0,0.0,0.0,0.0
face (617).png,6.024283724729966,0.5400248654756776,0.749815704397446,0.0,0.0,0.0,0.0
face (302).png,6.0232735599349825,-1.0235631573162933,0.8653345350496967,0.0,0.0,0.0,0.0
face (752).png,5.366386861746721,-0.489760793723672,0.6430219479646269,0.0,0.0,0.0,0.0
face (181).png,5.91361567178969,-0.6672054233984581,0.6888903581198262,0.0,0.0,0.0,0.0
face (494).png,7.036361801784715,0.8773234256297634,0.8806276551015434,0.0,0.0,0.0,0.0
face (75).png,7.777306169185184,-1.0626700802939248,1.0143964591302632,0.0,0.0,0.0,0.0
face (601).png,4.517829633095288,-0.4280461494239142,0.6372567478349436,0.0,0.0,0.0,0.0
face (251).png,4.376061778149784,-1.4488632017522256,0.7092011839733647,0.0,0.0,0.0,0.0
face (744).png,5.846208470962773,0.06714235233131106,0.8516147578343868,0.0,0.0,0.0,0.0
face (314).png,4.348517042188984,0.39413276511216977,0.7070406383435217,0.0,0.0,0.0,0.0
face (197).png,6.1409524716751305,0.9218657232367947,0.6976632938909101,0.0,0.0,0.0,0.0
face (178).png,5.801811446485751,-2.759930584354237,0.8668683334173134,0.0,0.0,0.0,0.0
face (63).png,5.791375638220761,-0.36524149088797053,0.8147462940815579,0.0,0.0,0.0,0.0
face (482).png,6.9397740956279845,0.1462445031393957,0.8687120915942612,0.0,0.0,0.0,0.0
face (528).png,4.459977498520208,1.5325648024103375,0.5876308506346609,0.0,0.0,0.0,0.0
face (206).png,4.700963014429863,-0.3808119591806141,0.48335847887247113,0.0,0.0,0.0,0.0
face (656).png,6.307156558023541,-2.3863103536737778,0.8094767077739617,0.0,0.0,0.0,0.0
face (343).png,6.962890260782462,-0.01557760646065094,0.8830977779406817,0.0,0.0,0.0,0.0
face (713).png,5.459799800739657,0.07234858887839331,0.6804567543312771,0.0,0.0,0.0,0.0
face (590).png,5.580171568485053,1.0105801689956562,0.6075798996271055,0.0,0.0,0.0,0.0
face (34).png,6.2120783095998275,1.3960738213010346,0.8257796244244395,0.0,0.0,0.0,0.0
face (338).png,5.2394735294318275,-2.046863785208327,0.7457261887720716,0.0,0.0,0.0,0.0
face (768).png,4.4190021164435205,-1.9327334092175867,0.6439320827938283,0.0,0.0,0.0,0.0
face (292).png,5.872307750397026,-0.9176063302637737,0.8814977584892325,0.0,0.0,0.0,0.0
face (787).png,4.92552763945039,-0.2712946680324863,0.5779827915936006,0.0,0.0,0.0,0.0
face (504).png,4.146715923544466,-0.12811958560056944,0.5607302887150818,0.0,0.0,0.0,0.0
face (154).png,5.3740017664643185,-0.1346021447028097,0.6912976352410634,0.0,0.0,0.0,0.0
face (441).png,6.01433664767406,3.569603446653849,0.6327242403199966,0.0,0.0,0.0,0.0
face (695).png,5.638808065816352,-1.0025190618813957,0.6791102444402246,0.0,0.0,0.0,0.0
face (380).png,5.725785507575139,0.36468753500567286,0.6244376384066018,0.0,0.0,0.0,0.0
face (18).png,5.780571006544554,0.34600364722287497,0.790043266819561,0.0,0.0,0.0,0.0
face (103).png,5.945687745092333,0.07818519884443312,0.8263630399797617,0.0,0.0,0.0,0.0
face (553).png,5.685032275957312,0.04109531328192545,0.83020870860744,0.0,0.0,0.0,0.0
face (800).png,5.650148910830943,1.6198176385899732,0.7484113313149756,0.0,0.0,0.0,0.0
face (416).png,5.605539893561712,0.6175917823611755,0.6787362322978607,0.0,0.0,0.0,0.0
face (379).png,7.2185199579494075,-0.031009235883740043,0.8791374434946062,0.0,0.0,0.0,0.0
face (683).png,7.2236207579594165,-1.976693382275734,0.9076443242472636,0.0,0.0,0.0,0.0
face (729).png,7.089767704795617,1.1185784993136256,0.9066292019412332,0.0,0.0,0.0,0.0
face (396).png,5.970705349563165,-2.772173160773208,0.8717751036580874,0.0,0.0,0.0,0.0
face (545).png,6.99214485399627,-0.4620208082792378,0.8148781769582873,0.0,0.0,0.0,0.0
face (115).png,6.3348683729995034,-0.5091487801554124,0.6825682205851736,0.0,0.0,0.0,0.0
face (400).png,6.002803661091132,-0.731206630857659,0.5850046390808231,0.0,0.0,0.0,0.0
face (284).png,4.916690667133123,2.152204140450788,0.5646524161402554,0.0,0.0,0.0,0.0
face (791).png,5.968582011877923,-1.1106497939485693,0.5432089909931691,0.0,0.0,0.0,0.0
face (142).png,5.163896535591859,0.16418176965279183,0.6050302848861667,0.0,0.0,0.0,0.0
face (59).png,4.57091194275099,0.3016015858830883,0.6291236288647547,0.0,0.0,0.0,0.0
face (512).png,5.395571718912988,-2.440884256916454,0.6139547530007601,0.0,0.0,0.0,0.0
face (457).png,7.350134784890555,-1.9627191415922633,1.0092738051442303,0.0,0.0,0.0,0.0
face (420).png,5.415521302051329,0.037554985811567444,0.9260828551018304,0.0,0.0,0.0,0.0
face (565).png,5.819700608824999,1.2806450111093781,0.7332176067423092,0.0,0.0,0.0,0.0
face (135).png,7.365506083662043,-2.8118520076814506,0.8282187685154819,0.0,0.0,0.0,0.0
face (359).png,6.019757849802621,0.37296886098393744,0.6668248607538558,0.0,0.0,0.0,0.0
face (709).png,5.635292369200878,0.6450941658066474,0.6538789081299152,0.0,0.0,0.0,0.0
face (96).png,5.274441473031499,-0.35593446195574596,0.6931585499835381,0.0,0.0,0.0,0.0
face (477).png,6.044702115582478,-0.09933028995630201,0.727236049722822,0.0,0.0,0.0,0.0
face (162).png,8.195178883245434,-1.9313198592546437,0.9690494204241726,0.0,0.0,0.0,0.0
face (79).png,3.971988852053871,1.5263067044177565,0.6941935462120256,0.0,0.0,0.0,0.0
face (498).png,4.69561081051794,-0.6879965259594963,0.6654275906976754,0.0,0.0,0.0,0.0
face (532).png,7.2472322664752,-0.14502062503454566,0.9181502651294859,0.0,0.0,0.0,0.0
face (2).png,6.441366014446478,-0.39055842033463817,0.8198869021924532,0.0,0.0,0.0,0.0
face (461).png,6.23274728711949,1.2460597774220565,0.6553277469869435,0.0,0.0,0.0,0.0
face (80).png,6.912819757880478,0.020557945626676,0.9628967195964002,0.0,0.0,0.0,0.0
face (524).png,6.153735998030188,-1.0937821256094116,0.6962920040278205,0.0,0.0,0.0,0.0
face (174).png,5.842479723987982,-0.4426323883591431,0.566755679285337,0.0,0.0,0.0,0.0
face (318).png,4.140095413078911,-0.6961172073926081,0.5699252467732735,0.0,0.0,0.0,0.0
face (748).png,5.645311163981629,0.7232219015781525,0.7790519511755143,0.0,0.0,0.0,0.0
face (436).png,7.582962385412715,-0.1547562557482975,0.8460859958417265,0.0,0.0,0.0,0.0
face (38).png,4.958943439928722,1.4068266697612426,0.6345909921583565,0.0,0.0,0.0,0.0
face (123).png,4.850861186503796,1.024278622475824,0.7451140252598439,0.0,0.0,0.0,0.0
face (573).png,5.071090083635552,-0.8593008991924522,0.6345474342419366,0.0,0.0,0.0,0.0
face (158).png,6.820949372223412,-0.5970463790797559,0.7428975884788019,0.0,0.0,0.0,0.0
face (43).png,4.509102934922909,-2.6509704209956886,0.6651404910747051,0.0,0.0,0.0,0.0
face (508).png,7.127052760710885,-0.55054201965017,0.7619585521019249,0.0,0.0,0.0,0.0
face (764).png,5.102022086647892,0.29649499649287747,0.7619188388174822,0.0,0.0,0.0,0.0
face (334).png,6.623065584979001,-0.0026521202215843624,0.772103749529017,0.0,0.0,0.0,0.0
face (621).png,6.870033134939885,-0.9283069846527816,0.9450784202835023,0.0,0.0,0.0,0.0
face (271).png,5.349381529800551,2.153216654035484,0.6315031153142325,0.0,0.0,0.0,0.0
face (14).png,4.631370920786456,-1.0102461398602203,0.7154162405062833,0.0,0.0,0.0,0.0
face (363).png,5.383808240028269,-1.255359027983858,0.8145620018702129,0.0,0.0,0.0,0.0
face (699).png,7.776957061068377,-1.664909385758742,0.7897427482201433,0.0,0.0,0.0,0.0
face (733).png,5.3927735332258715,-0.49779633959592673,0.6478895994536162,0.0,0.0,0.0,0.0
face (226).png,6.490807361998626,-0.31691596961827656,0.8771821200878905,0.0,0.0,0.0,0.0
face (676).png,8.998423054707201,-0.9574549336565662,0.9483024530093976,0.0,0.0,0.0,0.0
face (119).png,5.59923092032196,-0.5446784718240114,0.6904177581775529,0.0,0.0,0.0,0.0
face (549).png,6.731099962783436,0.23289250629643263,0.6978614209105974,0.0,0.0,0.0,0.0
face (725).png,4.989230208784448,-2.8714368768421914,0.6799672913055087,0.0,0.0,0.0,0.0
face (375).png,5.791056970343231,-0.6544784937127044,0.6815349007951044,0.0,0.0,0.0,0.0
face (660).png,6.197018460421688,-0.06732720637934694,0.5568007058491198,0.0,0.0,0.0,0.0
face (230).png,6.725621281389711,-0.49297199768234945,0.9242211727390607,0.0,0.0,0.0,0.0
face (55).png,4.716319967661618,2.3082033135823314,0.6552250435914639,0.0,0.0,0.0,0.0
face (322).png,5.791233593755017,0.16545119450336654,0.6668188966236387,0.0,0.0,0.0,0.0
face (772).png,6.130904731644952,1.678340375112535,0.6426657597509076,0.0,0.0,0.0,0.0
face (288).png,4.486000846805417,-1.1441902397454764,0.7342433964582336,0.0,0.0,0.0,0.0
face (267).png,4.090031789637862,1.1731681831763077,0.9573800472184318,0.0,0.0,0.0,0.0
face (637).png,6.807797075065803,0.29018217569714494,1.0712879982178292,0.0,0.0,0.0,0.0
face (323).png,5.321218504464647,1.242871976509567,0.6604339805741571,0.0,0.0,0.0,0.0
face (773).png,6.041363305539542,-0.7181049251036552,0.8164234196737128,0.0,0.0,0.0,0.0
face (289).png,5.585868380955149,-2.1899431308109745,0.7962627405280188,0.0,0.0,0.0,0.0
face (266).png,5.132413824574216,-4.574312374662568,0.8414570439233278,0.0,0.0,0.0,0.0
face (636).png,7.755772745553455,0.4232413103417159,1.0981102163421537,0.0,0.0,0.0,0.0
face (54).png,6.837790669086995,-0.27321208361190646,0.8828428524450787,0.0,0.0,0.0,0.0
comp_75_dup.png,5.8026919020430325,-5.576513554040613,0.7575566433661618,0.0,0.0,0.0,0.0
face (724).png,5.93854926669986,-0.1356779806618689,0.7925071005638504,0.0,0.0,0.0,0.0
face (374).png,5.7672237523520025,1.2900871722120935,0.6420125835186873,0.0,0.0,0.0,0.0
face (661).png,5.334901811511231,-0.23597107444083373,0.6837233156487311,0.0,0.0,0.0,0.0
face (231).png,5.6115389295285185,-0.48929463704200027,0.6878579714029045,0.0,0.0,0.0,0.0
face (118).png,5.525619968323733,-0.28991013863593024,0.839469638612956,0.0,0.0,0.0,0.0
face (548).png,5.455425438608247,2.9264810121364957,0.7368591631648441,0.0,0.0,0.0,0.0
face (362).png,4.811710572624947,1.369322606766156,0.6269177594759319,0.0,0.0,0.0,0.0
face (698).png,7.264760838956693,-0.05191331395885339,0.8630158759960677,0.0,0.0,0.0,0.0
face (732).png,5.9743208916880075,-1.8461799253134457,0.6769013565638357,0.0,0.0,0.0,0.0
face (227).png,5.2967649167455,0.6676362851084487,0.6728180971970487,0.0,0.0,0.0,0.0
face (677).png,6.6238997159811195,0.142126718076631,0.8950381898618608,0.0,0.0,0.0,0.0
face (15).png,6.785398950701627,0.16744431321975106,0.9313963836238124,0.0,0.0,0.0,0.0
face (765).png,5.924666331787507,-0.3333872330512242,0.7700423684033522,0.0,0.0,0.0,0.0
face (335).png,8.039873059119085,-0.15228088565052997,0.8338562814865442,0.0,0.0,0.0,0.0
face (620).png,4.6224925429139265,-0.00547200916953848,0.6247202490176345,0.0,0.0,0.0,0.0
face (270).png,5.688701145181404,1.280337762735451,0.8743893266234077,0.0,0.0,0.0,0.0
face (42).png,4.805945074684885,2.587703205357993,0.7568888221468527,0.0,0.0,0.0,0.0
face (159).png,5.268250827974878,-1.6282126546343265,0.831498193248395,0.0,0.0,0.0,0.0
face (509).png,5.861633707911318,2.4724594663518134,0.7449326270776235,0.0,0.0,0.0,0.0
face (437).png,5.1528237500742025,-0.9963050573664775,0.5047070794413054,0.0,0.0,0.0,0.0
face (122).png,6.535877376936117,1.1608081347951589,0.846195020405518,0.0,0.0,0.0,0.0
face (39).png,7.068626681087838,-1.0725360869296623,1.115975709252951,0.0,0.0,0.0,0.0
face (572).png,5.001891735873691,0.6869180159722051,0.677213153944548,0.0,0.0,0.0,0.0
face (319).png,6.210194933470721,0.0917531250283083,0.6462829726286438,0.0,0.0,0.0,0.0
face (749).png,4.93355384909759,0.2644974078300453,0.6071203022356247,0.0,0.0,0.0,0.0
face (460).png,5.087368577602538,0.32617493620322296,0.7168305629063462,0.0,0.0,0.0,0.0
face (81).png,7.022681549734892,0.19209194481541772,0.8300435336392926,0.0,0.0,0.0,0.0
face (525).png,6.627538705464021,-0.08501447107183925,0.8185261957899459,0.0,0.0,0.0,0.0
face (175).png,6.204384725874552,1.564185997105682,0.8137822151740761,0.0,0.0,0.0,0.0
face (97).png,6.15949990181357,-0.9955999225522009,0.9161295371475933,0.0,0.0,0.0,0.0
face (476).png,6.8950012260674765,0.14525286843849441,0.7326926239890893,0.0,0.0,0.0,0.0
face (78).png,4.870959475887937,-0.15548955893479732,0.6767918286582458,0.0,0.0,0.0,0.0
face (163).png,7.887756112618343,-0.5422677146034252,1.007244478487919,0.0,0.0,0.0,0.0
face (499).png,5.996004015158813,1.4025608855296208,0.7423463599321071,0.0,0.0,0.0,0.0
face (533).png,5.321941625044502,2.1055002047237674,0.6250306496523624,0.0,0.0,0.0,0.0
face (3).png,5.561504231743469,-0.5186525647267766,0.6508965540960675,0.0,0.0,0.0,0.0
face (358).png,6.000235782921753,0.010743018535644038,0.7384023241052632,0.0,0.0,0.0,0.0
face (708).png,5.306201252324972,-0.22744533247359322,0.912535285692047,0.0,0.0,0.0,0.0
face (421).png,8.27680111344296,-0.41694918742896514,0.9336523290816738,0.0,0.0,0.0,0.0
face (564).png,5.432760786362184,-0.7833348941330178,0.7028816646080028,0.0,0.0,0.0,0.0
face (134).png,6.897023334075102,-0.8081192425772208,0.9523646418811367,0.0,0.0,0.0,0.0
face (58).png,7.828006606714018,-0.5051520257416637,0.8409303987978974,0.0,0.0,0.0,0.0
face (143).png,5.875669449384756,0.10451115120109068,0.826257701562081,0.0,0.0,0.0,0.0
face (513).png,4.920967545394494,0.79143373305742,0.5658649233697592,0.0,0.0,0.0,0.0
face (456).png,6.993942460023218,-0.3459915933736554,0.8111634821448558,0.0,0.0,0.0,0.0
face (285).png,6.280309563999698,-0.6327021699545712,0.8386192916893883,0.0,0.0,0.0,0.0
face (790).png,5.941889977588742,-2.3897406667563756,0.8753460664168674,0.0,0.0,0.0,0.0
face (544).png,5.286589856909591,-1.2947726728358993,0.650647509205888,0.0,0.0,0.0,0.0
face (114).png,5.387844219770042,0.6405311184907707,0.7845232922601145,0.0,0.0,0.0,0.0
face (401).png,4.838116906610698,-2.483509072851016,0.6646113003536238,0.0,0.0,0.0,0.0
face (378).png,4.761523359254003,0.6792797163328305,0.5870891700058902,0.0,0.0,0.0,0.0
face (682).png,5.824854167699932,1.1125902569058026,0.7950024095911064,0.0,0.0,0.0,0.0
face (728).png,5.730220973001568,-1.6906256808522289,0.7434214007733029,0.0,0.0,0.0,0.0
face (397).png,6.14308252291938,-0.8356547606479249,0.6628034466692686,0.0,0.0,0.0,0.0
face (102).png,6.773021452811487,-0.9658420535496065,0.8551747523701474,0.0,0.0,0.0,0.0
face (19).png,6.921685955789373,-0.17701499620143266,0.9198038705545406,0.0,0.0,0.0,0.0
face (552).png,5.86031854001888,0.3307767127064932,0.6009536814598847,0.0,0.0,0.0,0.0
face (801).png,6.088325367900492,-0.3425613063173891,0.7367341599661102,0.0,0.0,0.0,0.0
face (417).png,6.014978112723397,-1.0611215409066848,0.6598971221030027,0.0,0.0,0.0,0.0
face (694).png,6.565921655522863,0.18121395734110657,0.7604642105469654,0.0,0.0,0.0,0.0
face (381).png,5.941007449673606,0.029909295731361595,0.7976089487963605,0.0,0.0,0.0,0.0
face (505).png,7.221223683959912,-0.03104229628558771,1.0740059866935587,0.0,0.0,0.0,0.0
face (155).png,4.827100583570035,0.4484963329034962,0.4733178692746442,0.0,0.0,0.0,0.0
face (440).png,5.414908767474941,-1.5395629702212712,0.6339020890608116,0.0,0.0,0.0,0.0
face (339).png,6.195444853275911,-1.218561118560072,0.9550995919582959,0.0,0.0,0.0,0.0
face (769).png,4.586198495463796,0.7919797472682735,0.6058031787035925,0.0,0.0,0.0,0.0
face (293).png,5.741285639844192,-0.5821016923395018,0.8403183856725849,0.0,0.0,0.0,0.0
face (786).png,5.158536885440422,-0.33018554626489516,0.6797132134688548,0.0,0.0,0.0,0.0
face (591).png,6.1523309788586875,-1.3112043750834959,0.9067330534344243,0.0,0.0,0.0,0.0
face (35).png,3.952484784900706,3.4788263653839078,0.4396953549092086,0.0,0.0,0.0,0.0
face (207).png,5.180144087633297,0.0408453223808464,0.7005776880098877,0.0,0.0,0.0,0.0
face (657).png,6.37453783049,0.9128466288085525,0.7332689702960746,0.0,0.0,0.0,0.0
face (342).png,7.0687553528364475,-0.5903608088237043,1.0531109367786555,0.0,0.0,0.0,0.0
face (712).png,5.27388299211146,0.0819859195884207,0.6475886928291356,0.0,0.0,0.0,0.0
face (196).png,5.661975325684946,-0.6699985639474368,0.7310151969428209,0.0,0.0,0.0,0.0
face (62).png,6.117975430885594,0.946629385036371,0.7998956857905727,0.0,0.0,0.0,0.0
face (179).png,5.148441805338084,0.5989682006877685,0.7381973650944585,0.0,0.0,0.0,0.0
face (483).png,7.680897453364738,2.1692003676357974,0.9215476330586553,0.0,0.0,0.0,0.0
face (529).png,4.365330306635725,0.22491253700492794,0.5270256355586936,0.0,0.0,0.0,0.0
face (600).png,6.110117987319986,1.1689516323083218,0.849078148564505,0.0,0.0,0.0,0.0
face (250).png,5.240780125728176,1.0191314643417526,0.6506148744516085,0.0,0.0,0.0,0.0
face (745).png,6.832272473276765,0.6473107802103165,0.6663739493153625,0.0,0.0,0.0,0.0
face (315).png,5.306619702598609,-0.4231041281898969,0.5962459108794844,0.0,0.0,0.0,0.0
face (180).png,6.342438464063335,1.193999817036396,0.9128626452755385,0.0,0.0,0.0,0.0
face (495).png,4.928027167228394,1.0674804707063708,0.6147721125907717,0.0,0.0,0.0,0.0
face (74).png,6.835033689996027,-1.0332174787138488,0.789508441334719,0.0,0.0,0.0,0.0
face (246).png,5.351461771862523,-0.6214620469663822,0.681603357472836,0.0,0.0,0.0,0.0
face (616).png,8.59156251545283,0.09128696688137382,1.1015920015143645,0.0,0.0,0.0,0.0
face (303).png,5.540052579778032,0.2458938482984518,0.7331129424684997,0.0,0.0,0.0,0.0
face (753).png,6.345572571853994,-0.9701667293854382,0.7039765888758551,0.0,0.0,0.0,0.0
face (587).png,4.089879257736155,1.4221094600997792,0.730187920596331,0.0,0.0,0.0,0.0
face (138).png,6.047905833627233,-1.1899964982301916,0.6358015467577797,0.0,0.0,0.0,0.0
face (23).png,5.660414437103453,-0.027314042585855562,0.6094879031698169,0.0,0.0,0.0,0.0
face (568).png,10.23185888868436,-2.254837262931273,1.2282812083121504,0.0,0.0,0.0,0.0
face (641).png,6.698228357148956,-0.5614035571023832,0.7493664892642479,0.0,0.0,0.0,0.0
face (211).png,4.703080671516863,0.6102389778348124,0.5550491373634479,0.0,0.0,0.0,0.0
face (704).png,8.236830105995294,-0.15486382693033823,0.9378797595431264,0.0,0.0,0.0,0.0
face (354).png,5.819407854415449,-1.0740019425545646,0.7912676713132184,0.0,0.0,0.0,0.0
face (426).png,7.360111547371229,0.2856281731960115,0.9300523050020683,0.0,0.0,0.0,0.0
face (563).png,5.341251551913643,1.5948329856426562,0.7877973239093542,0.0,0.0,0.0,0.0
face (133).png,4.87114636554671,0.746109346667339,0.6933962436410083,0.0,0.0,0.0,0.0
face (28).png,5.651471002039064,-3.5009355131430286,0.7784979327909012,0.0,0.0,0.0,0.0
face (471).png,4.176163393414651,0.7982855396429511,0.5959414693579893,0.0,0.0,0.0,0.0
face (90).png,5.903468731621879,0.7088887484681847,0.7299805976187049,0.0,0.0,0.0,0.0
face (4).png,8.588307237202624,0.9912264193271099,0.7698628754117198,0.0,0.0,0.0,0.0
face (164).png,6.8404291367390835,-0.7370224664866448,0.6502893522495924,0.0,0.0,0.0,0.0
face (534).png,5.726334658050336,-0.9754937219086967,0.6908624583750774,0.0,0.0,0.0,0.0
face (758).png,6.695449541218135,-0.5035567048447609,0.8112320840180242,0.0,0.0,0.0,0.0
face (308).png,6.800288429932083,1.4914093026130724,0.8917083227697213,0.0,0.0,0.0,0.0
face (86).png,4.422705217759588,-0.1714034206551463,0.6233925440340684,0.0,0.0,0.0,0.0
face (467).png,5.698960342403178,-0.9243796171312514,0.7138603078513972,0.0,0.0,0.0,0.0
face (522).png,4.8902115125000645,-0.133605161098468,0.5824418024238978,0.0,0.0,0.0,0.0
face (69).png,5.557176065318517,-0.17054462419411545,0.7490477852967298,0.0,0.0,0.0,0.0
face (172).png,4.617691601915876,1.2739346831711187,0.6894588691742926,0.0,0.0,0.0,0.0
face (488).png,5.426192213041275,-1.9363613001140971,0.8348370080864936,0.0,0.0,0.0,0.0
face (430).png,6.732961353183347,0.18954807951060934,0.8754836671788265,0.0,0.0,0.0,0.0
face (125).png,5.717479021459337,0.6126032869363988,0.805736145800062,0.0,0.0,0.0,0.0
face (575).png,6.971874572074838,1.058082716485029,0.8547350582648567,0.0,0.0,0.0,0.0
face (719).png,7.157020693717662,-0.5867470083978776,0.9105924428758956,0.0,0.0,0.0,0.0
face (349).png,6.477665158119941,0.8966163614883811,0.6793468845161097,0.0,0.0,0.0,0.0
face (45).png,4.910562835700941,0.059431527931565205,0.6541255462312607,0.0,0.0,0.0,0.0
face (762).png,7.421788793797493,-1.437802757858937,0.8233163501825107,0.0,0.0,0.0,0.0
face (298).png,6.046846127642507,-2.565008030473959,0.9110179997564648,0.0,0.0,0.0,0.0
face (332).png,4.4633054513737,0.7286409932534283,0.6117901858358263,0.0,0.0,0.0,0.0
face (627).png,5.038003590805378,-0.8194122807102973,0.7050735432980062,0.0,0.0,0.0,0.0
face (277).png,5.275518343670987,-0.17355928345150606,0.5311357223573557,0.0,0.0,0.0,0.0
face (559).png,5.438946180297897,0.7206154681530333,0.5883994850746643,0.0,0.0,0.0,0.0
face (109).png,4.655817648029375,-1.4447452248154145,0.6935754177542922,0.0,0.0,0.0,0.0
face (12).png,5.375679070414988,2.457993052583626,0.621341204925353,0.0,0.0,0.0,0.0
face (365).png,6.282436106708507,-0.6668040817845461,0.8400961380519889,0.0,0.0,0.0,0.0
face (735).png,5.1606125619659435,0.47093538720841244,0.7647200404459653,0.0,0.0,0.0,0.0
face (220).png,4.497416491017102,0.7509493000497213,0.6108935443488028,0.0,0.0,0.0,0.0
face (670).png,4.990754103043325,-1.9448917216346175,0.5716072105534874,0.0,0.0,0.0,0.0
face (723).png,8.462618251981903,0.15565570407335008,0.950474486578456,0.0,0.0,0.0,0.0
face (373).png,5.128750528788644,-3.8305675370326844,0.6937602719136271,0.0,0.0,0.0,0.0
face (689).png,7.211628874207412,-1.670124421128514,0.8575735737699044,0.0,0.0,0.0,0.0
face (666).png,5.999494240240412,0.1893728808238234,0.750254991072054,0.0,0.0,0.0,0.0
face (236).png,5.591875218280595,2.635832428129243,0.7541287435346423,0.0,0.0,0.0,0.0
face (518).png,5.4726834238700635,0.11806245078373137,0.572436573025238,0.0,0.0,0.0,0.0
face (53).png,4.246764751462734,0.3035294763866143,0.7355114382068338,0.0,0.0,0.0,0.0
face (148).png,4.916694594981432,-0.41608095121481276,0.7239754370132233,0.0,0.0,0.0,0.0
face (324).png,4.6769635962009595,1.7820038121238515,0.6282334064819892,0.0,0.0,0.0,0.0
face (774).png,5.0183020629970985,-0.7085304139517675,0.5699487733330091,0.0,0.0,0.0,0.0
face (261).png,6.0988117525926375,-0.42070959913701494,0.7596660674209501,0.0,0.0,0.0,0.0
face (631).png,5.8631150349671834,-0.13726570454183765,0.7748339665293043,0.0,0.0,0.0,0.0
face (646).png,5.149111364843172,-2.336166608158835,0.6711002209257069,0.0,0.0,0.0,0.0
face (216).png,5.858277964520301,-1.6818955822316537,0.8111580340064896,0.0,0.0,0.0,0.0
face (703).png,4.735308260051291,-3.371407381673037,0.6864757660008151,0.0,0.0,0.0,0.0
face (353).png,6.720653840727084,-1.5987115975950072,0.7818020040160698,0.0,0.0,0.0,0.0
face (580).png,6.289428435811721,-0.22821784734293404,0.7702907007428378,0.0,0.0,0.0,0.0
face (24).png,6.576724381708448,-2.3645258099601407,0.9540818838266867,0.0,0.0,0.0,0.0
face (241).png,6.684821118774507,-0.9042568048603464,0.7860313385045279,0.0,0.0,0.0,0.0
face (611).png,6.317364932131109,-0.49586351045905547,0.8183321740753999,0.0,0.0,0.0,0.0
face (304).png,6.130948271076145,-0.5350768839787555,0.7981555951688508,0.0,0.0,0.0,0.0
face (754).png,6.60990671603367,0.35384187329494604,0.6774146474803762,0.0,0.0,0.0,0.0
face (187).png,6.324351923787722,-0.057448010838723376,0.8561333831283285,0.0,0.0,0.0,0.0
face (538).png,8.21718277835684,-2.4613811360046185,0.9462558247618191,0.0,0.0,0.0,0.0
face (73).png,5.896201511907819,0.6549749056766024,0.7309487884247607,0.0,0.0,0.0,0.0
face (168).png,5.638728867317477,-1.2227274624975577,0.8640661933973186,0.0,0.0,0.0,0.0
face (492).png,4.781633151842689,0.6964899427093997,0.5135298115899178,0.0,0.0,0.0,0.0
face (8).png,4.777923293599466,0.08037940360591204,0.6992745317177239,0.0,0.0,0.0,0.0
face (607).png,4.975176449804686,-0.7157777689138853,0.6793127226137248,0.0,0.0,0.0,0.0
face (257).png,7.175908845041086,-0.05965926819797377,0.7092762817875647,0.0,0.0,0.0,0.0
face (742).png,6.184343174413255,-2.2784650668914046,0.873665222398188,0.0,0.0,0.0,0.0
face (312).png,4.088972857413571,-3.1419458304139636,0.5962334065621013,0.0,0.0,0.0,0.0
comp_75.png,5.8026919020430325,-5.576513554040613,0.7575566433661618,0.0,0.0,0.0,0.0
face (191).png,4.873302021869806,-0.010420649773920933,0.6947964171343415,0.0,0.0,0.0,0.0
face (484).png,7.788643648358465,-0.7326402092573043,0.986622501660145,0.0,0.0,0.0,0.0
face (65).png,6.029237470728264,0.33340016263266703,0.7718081567353162,0.0,0.0,0.0,0.0
face (200).png,7.094495043460636,-1.1473240424345472,0.9469583912404765,0.0,0.0,0.0,0.0
face (650).png,5.644403587530367,-0.18845358326057085,0.6548699453211516,0.0,0.0,0.0,0.0
face (345).png,5.765380262458633,-0.4816252892710034,0.900513410997208,0.0,0.0,0.0,0.0
face (715).png,4.782327101240872,1.77135096276957,0.7309029257313027,0.0,0.0,0.0,0.0
face (596).png,4.558783107489382,0.4277022617355519,0.6836976708066222,0.0,0.0,0.0,0.0
face (579).png,6.280202882416006,1.5463065788205144,0.8241272723303255,0.0,0.0,0.0,0.0
face (129).png,6.593807446263516,0.6039324765495292,0.5699022495939757,0.0,0.0,0.0,0.0
face (32).png,4.280451741303723,3.0176137858895533,0.6957219274484596,0.0,0.0,0.0,0.0
face (294).png,6.8012846306846155,-1.4933735826041044,0.725051936761392,0.0,0.0,0.0,0.0
face (781).png,6.5286499891632745,-0.9995974753281853,0.9247165275516582,0.0,0.0,0.0,0.0
face (502).png,4.908773754791509,-2.013349623215775,0.5167715705906476,0.0,0.0,0.0,0.0
face (49).png,6.783247428150246,1.3982023363243532,0.761849175021399,0.0,0.0,0.0,0.0
face (152).png,5.042064329848553,-1.0493886719442256,0.768731153177279,0.0,0.0,0.0,0.0
face (447).png,5.886481991350329,0.8294658830133904,0.7566627962377502,0.0,0.0,0.0,0.0
face (739).png,5.825747174123254,-0.5461212150081025,0.7153743097784484,0.0,0.0,0.0,0.0
face (369).png,9.853771052806136,0.1814332645287976,1.0692974213509776,0.0,0.0,0.0,0.0
face (693).png,5.274734888183323,-1.564103133924756,0.7709222668401231,0.0,0.0,0.0,0.0
face (386).png,6.956972313472929,-0.38730798189810933,0.855634690753444,0.0,0.0,0.0,0.0
face (105).png,5.072069414287099,-0.7176473891876167,0.5675804876943564,0.0,0.0,0.0,0.0
face (555).png,4.778645676084775,0.8375013617966103,0.6106565213434029,0.0,0.0,0.0,0.0
face (410).png,9.46533713452949,0.7868113300515691,0.9532661527581747,0.0,0.0,0.0,0.0
face (685).png,6.891852524128449,0.0017923953336063912,1.002031127654057,0.0,0.0,0.0,0.0
face (390).png,6.116077791621918,-0.34183882603143895,0.8967744923605472,0.0,0.0,0.0,0.0
face (543).png,6.9670099190932016,-0.8243951207745142,0.8242517420280506,0.0,0.0,0.0,0.0
face (113).png,6.996795095034154,-0.3771199387392224,0.6350172398798317,0.0,0.0,0.0,0.0
face (406).png,7.444990199510144,0.8160034463621451,0.8981285965090471,0.0,0.0,0.0,0.0
face (778).png,5.272329999853052,1.3719696418335556,0.8846974108660546,0.0,0.0,0.0,0.0
face (282).png,5.703354758535793,-1.7517188915421829,0.5591693583899064,0.0,0.0,0.0,0.0
face (328).png,7.166724556114621,0.332979382917881,0.9507477451607317,0.0,0.0,0.0,0.0
face (797).png,7.43604594262318,-0.8137580233213989,0.9646876345243789,0.0,0.0,0.0,0.0
face (144).png,6.519535852569002,0.9196502442503269,0.9316963466827939,0.0,0.0,0.0,0.0
face (514).png,5.414037953475912,1.2017834033519588,0.6846537870564391,0.0,0.0,0.0,0.0
face (451).png,5.039526371448058,-0.7541460786928855,0.6643921194948706,0.0,0.0,0.0,0.0
face (145).png,6.859550355514921,-0.15696670207232274,0.9969315901565056,0.0,0.0,0.0,0.0
face (515).png,10.09005821152464,-0.4549396808171732,0.9803771916098085,0.0,0.0,0.0,0.0
face (450).png,6.3383334238780105,1.1562955760153348,0.8075366766080874,0.0,0.0,0.0,0.0
face (779).png,6.160867374018022,0.05860201191253149,0.807375695445665,0.0,0.0,0.0,0.0
face (283).png,8.283332664254997,0.6601964024972774,0.9069009253622514,0.0,0.0,0.0,0.0
face (329).png,5.901521452468406,1.002038137994065,0.8168929200018495,0.0,0.0,0.0,0.0
face (796).png,4.15885552481706,-0.5396136213362326,0.5594545202095748,0.0,0.0,0.0,0.0
face (542).png,8.021717822068542,-3.2782531020107673,0.8740950978730395,0.0,0.0,0.0,0.0
face (112).png,5.916229320729318,-1.0600599868025056,0.7735435256142411,0.0,0.0,0.0,0.0
face (407).png,6.706340233618236,1.5323246547720972,0.7075700492212968,0.0,0.0,0.0,0.0
face (684).png,5.114546973510413,0.2871400913559036,0.6132590938900129,0.0,0.0,0.0,0.0
face (391).png,4.269785876446505,-0.8321321817676386,0.7487193693925199,0.0,0.0,0.0,0.0
face (104).png,6.492997730174469,1.2420156054677127,0.7926349245974668,0.0,0.0,0.0,0.0
face (554).png,4.297447875903783,-0.24061429150277938,0.6192152007292422,0.0,0.0,0.0,0.0
face (411).png,7.184037538183034,0.8121475634923826,0.6649107904288889,0.0,0.0,0.0,0.0
face (738).png,7.451329236782206,2.292465454530689,0.8521798820074729,0.0,0.0,0.0,0.0
face (368).png,6.850234214535333,-1.9206216949956698,1.0395693238815347,0.0,0.0,0.0,0.0
face (692).png,4.262555226423984,-1.049806598656212,0.7752872077995784,0.0,0.0,0.0,0.0
face (387).png,4.725983430803848,-1.656776961501264,0.6269621670481172,0.0,0.0,0.0,0.0
face (503).png,6.115093614395476,0.4668578468564791,0.8107267641424454,0.0,0.0,0.0,0.0
face (153).png,8.222210016020309,-0.4202873156173869,0.8589797444041504,0.0,0.0,0.0,0.0
face (48).png,9.041027863944368,-1.611448862352957,0.9665279713580093,0.0,0.0,0.0,0.0
face (446).png,5.297803676817276,-1.0574823505988564,0.6434392155553047,0.0,0.0,0.0,0.0
face (295).png,6.86735013635157,0.4308267259706626,0.8788487465060993,0.0,0.0,0.0,0.0
face (780).png,5.964825471810427,-1.4657146837612025,0.7491836853333377,0.0,0.0,0.0,0.0
face (597).png,7.0586228450598965,0.9324381414354133,0.9115353973359528,0.0,0.0,0.0,0.0
face (578).png,6.498967123721007,-0.7514628095383901,0.7532900325822837,0.0,0.0,0.0,0.0
face (33).png,6.979794918475736,-1.7425453869070455,0.9677024033085094,0.0,0.0,0.0,0.0
face (128).png,6.63576707459349,0.3101814526029811,0.8643175097048218,0.0,0.0,0.0,0.0
face (201).png,7.143050714751044,-0.009999067214707962,0.875519697484729,0.0,0.0,0.0,0.0
face (651).png,5.694389993961516,-0.251763942663835,0.6708172977401556,0.0,0.0,0.0,0.0
comp_50_dup.png,5.643037767121688,-4.622567762298716,0.7528094112256267,0.0,0.0,0.0,0.0
face (344).png,7.044929281585671,0.08473278593655846,0.9418484398833779,0.0,0.0,0.0,0.0
face (714).png,6.6860546688574924,-0.7647699290354245,0.8694978272253172,0.0,0.0,0.0,0.0
face (190).png,5.22805153134717,-0.38272427639075546,0.6806589779933614,0.0,0.0,0.0,0.0
face (485).png,6.016762135358294,2.569562078142301,0.7117983918998049,0.0,0.0,0.0,0.0
face (64).png,7.555611841907483,0.166195632211118,1.0136824696395592,0.0,0.0,0.0,0.0
face (606).png,7.860316701309898,-0.7255952443727225,1.1190065887667697,0.0,0.0,0.0,0.0
face (256).png,4.165255247467677,-1.4638607439054758,0.5033193623894248,0.0,0.0,0.0,0.0
face (743).png,5.582272977142434,0.2600319484564551,0.5075024788465381,0.0,0.0,0.0,0.0
face (313).png,5.001248498709414,0.21678662396750406,0.6076668241921752,0.0,0.0,0.0,0.0
face (186).png,5.13601606220297,1.2066017821443058,0.7179630446056554,0.0,0.0,0.0,0.0
face (539).png,6.0592646159243415,-0.5399599582572561,0.6538755705905229,0.0,0.0,0.0,0.0
face (169).png,4.5709116243098356,-0.5095595658353982,0.6407635806334038,0.0,0.0,0.0,0.0
face (72).png,5.668067313468523,-1.9942323585173942,0.8495020432763213,0.0,0.0,0.0,0.0
face (493).png,4.55218849609779,-0.9008377361583294,0.5649206755098188,0.0,0.0,0.0,0.0
face (9).png,5.431407606783605,-0.6007530247611093,0.6310807883253984,0.0,0.0,0.0,0.0
face (240).png,4.940211938354993,-1.0093085427675461,0.6418505136018162,0.0,0.0,0.0,0.0
face (610).png,4.285791291879881,1.8512991759866058,0.5163288265014109,0.0,0.0,0.0,0.0
face (305).png,4.351959754018766,0.08466793881829736,0.6655633331847112,0.0,0.0,0.0,0.0
face (755).png,7.074849841508732,-0.7449342371047016,0.8475884669409388,0.0,0.0,0.0,0.0
face (581).png,6.110879929486022,-1.5806349334334067,0.7944770801215639,0.0,0.0,0.0,0.0
face (25).png,8.146137251836882,1.8316108082512788,0.8816430895414732,0.0,0.0,0.0,0.0
face (647).png,3.8370049616592237,1.2738056661115225,0.5562968147379126,0.0,0.0,0.0,0.0
face (217).png,5.885935052349708,1.2764662050768196,0.7604004054806784,0.0,0.0,0.0,0.0
face (702).png,5.219387562424849,-2.748791687138601,0.7843143719179719,0.0,0.0,0.0,0.0
face (352).png,4.7465440201547535,0.6281582151475564,0.5516161184015443,0.0,0.0,0.0,0.0
face (325).png,6.558786276486064,0.5576229748597414,0.9242136537393026,0.0,0.0,0.0,0.0
face (775).png,5.765770904861626,0.28546047098950234,0.6297196807736967,0.0,0.0,0.0,0.0
face (260).png,5.40825369092879,0.4231015675365196,0.662337060733352,0.0,0.0,0.0,0.0
face (630).png,6.176590567840488,-0.6047447997084956,0.7480709039023521,0.0,0.0,0.0,0.0
face (519).png,6.340529934755759,-0.9762189036697496,0.801005282686912,0.0,0.0,0.0,0.0
face (149).png,6.029467531823215,1.068523803896807,0.5559474688359941,0.0,0.0,0.0,0.0
face (52).png,6.702895398824721,-0.13415368529919314,0.9108640511226883,0.0,0.0,0.0,0.0
face (722).png,5.637752598857903,-0.4120989471300225,0.7157155453668788,0.0,0.0,0.0,0.0
face (372).png,6.3240771433827305,0.6599864655211622,0.7372800194223534,0.0,0.0,0.0,0.0
face (688).png,5.243944009588219,0.056649508328891485,0.6200717977275161,0.0,0.0,0.0,0.0
face (667).png,6.03232659778303,-0.17496255507550515,0.6637081618861609,0.0,0.0,0.0,0.0
face (237).png,7.375755053261821,0.16083779167533513,1.0918266188629706,0.0,0.0,0.0,0.0
face (364).png,4.834700820593662,-0.0019568573655348656,0.6530801427784573,0.0,0.0,0.0,0.0
face (734).png,6.597906560719029,0.053430569476921166,0.8649469211190307,0.0,0.0,0.0,0.0
face (221).png,6.4753055216912765,1.6468071960876127,0.6922957794002765,0.0,0.0,0.0,0.0
face (671).png,5.930968787011029,-1.2077141617644174,0.6893500722448264,0.0,0.0,0.0,0.0
face (558).png,6.167981892096689,0.05835196788370027,0.7751917388322255,0.0,0.0,0.0,0.0
face (13).png,6.381829862729918,0.9468309947546826,0.8926505454993842,0.0,0.0,0.0,0.0
face (108).png,6.65702544036773,-0.7791631420072356,0.7550472746543594,0.0,0.0,0.0,0.0
face (763).png,5.478882795226386,-1.7568318068964215,0.712202764490111,0.0,0.0,0.0,0.0
face (299).png,6.566585936432605,-0.24204257403584634,0.6829594054672313,0.0,0.0,0.0,0.0
face (333).png,4.148853963899601,1.142409932295909,0.5703652098397985,0.0,0.0,0.0,0.0
face (626).png,6.253909492193661,0.358077340165825,0.867287950207822,0.0,0.0,0.0,0.0
face (276).png,5.940579454237013,0.7739795787744946,0.5889880437551244,0.0,0.0,0.0,0.0
face (44).png,6.2960442110185895,1.5526121232707468,0.7908394199729959,0.0,0.0,0.0,0.0
face (718).png,6.245704849918567,0.6614619535673638,0.7649087481075042,0.0,0.0,0.0,0.0
face (348).png,6.761331657035139,0.8489550546135173,0.8633261447577002,0.0,0.0,0.0,0.0
face (431).png,5.619669699249142,0.29339349794585984,0.6559053519419418,0.0,0.0,0.0,0.0
face (124).png,6.961660656640318,-2.058474700086862,0.8536863160947558,0.0,0.0,0.0,0.0
face (574).png,7.3534533670227304,-1.3319906511576642,0.5497334508846735,0.0,0.0,0.0,0.0
face (87).png,4.323446993818048,-0.8251568491905444,0.9185092023025918,0.0,0.0,0.0,0.0
face (466).png,6.025125916614097,-2.072285425837514,0.8381141411731798,0.0,0.0,0.0,0.0
face (523).png,3.9692640537769677,-0.36598701807952255,0.6114169769953611,0.0,0.0,0.0,0.0
face (173).png,6.154591385460818,-0.717410048048303,0.9672939402801187,0.0,0.0,0.0,0.0
face (68).png,6.520976519920421,-0.21683664137482234,0.9433554760830478,0.0,0.0,0.0,0.0
face (489).png,5.092651273058378,0.32606780490738063,0.7977670727437287,0.0,0.0,0.0,0.0
face (759).png,6.195210021503213,0.7093739822243208,0.8207665833648243,0.0,0.0,0.0,0.0
face (309).png,5.445296345574066,-1.4884772610470032,0.8351583004401654,0.0,0.0,0.0,0.0
face (470).png,6.181100052710633,0.5606700104679118,0.6048414636011128,0.0,0.0,0.0,0.0
face (91).png,6.013906332347083,0.07990113140987827,0.8152406404856877,0.0,0.0,0.0,0.0
face (5).png,6.348813722702976,0.4000422307354629,0.7534761880773421,0.0,0.0,0.0,0.0
face (165).png,6.917084208513806,0.27027481775585477,0.7348820809392453,0.0,0.0,0.0,0.0
face (535).png,6.309537385449683,1.552108054231385,0.7286066833388645,0.0,0.0,0.0,0.0
face (427).png,7.273769935198511,0.6615359590035422,0.8443143487156939,0.0,0.0,0.0,0.0
face (562).png,5.411024453446672,-1.63091015870644,0.718331720903513,0.0,0.0,0.0,0.0
face (29).png,5.738147975635924,-0.04717059097271337,0.7377967893145283,0.0,0.0,0.0,0.0
face (132).png,4.782039634403185,-0.15832855152183611,0.724468750057393,0.0,0.0,0.0,0.0
